{"Bukit Panjang": {"A": 216, "B_percent": 0.34411764705882353, "C": 7, "B": 117, "A_percent": 0.6352941176470588, "sum": 340}, "Central Water Catchment": {"A": 41, "B_percent": 0.06818181818181818, "C": 0, "B": 3, "A_percent": 0.9318181818181818, "sum": 44}, "Sungei Kadut": {"A": 60, "B_percent": 0.6385542168674698, "C": 0, "B": 106, "A_percent": 0.3614457831325301, "sum": 166}, "Museum": {"A": 210, "B_percent": 0.11016949152542373, "C": 0, "B": 26, "A_percent": 0.8898305084745762, "sum": 236}, "Marina South": {"A": 12, "B_percent": 0.6470588235294118, "C": 0, "B": 22, "A_percent": 0.35294117647058826, "sum": 34}, "Choa Chu Kang": {"A": 265, "B_percent": 0.4313304721030043, "C": 0, "B": 201, "A_percent": 0.5686695278969958, "sum": 466}, "Pioneer": {"A": 51, "B_percent": 0.7427184466019418, "C": 2, "B": 153, "A_percent": 0.24757281553398058, "sum": 206}, "Simpang": {"A": 0, "B_percent": 0.0, "C": 1, "B": 0, "A_percent": 0.0, "sum": 1}, "Paya Lebar": {"A": 14, "B_percent": 0.6410256410256411, "C": 0, "B": 25, "A_percent": 0.358974358974359, "sum": 39}, "Jurong East": {"A": 437, "B_percent": 0.5137513751375138, "C": 5, "B": 467, "A_percent": 0.4807480748074808, "sum": 909}, "Southern Islands": {"A": 218, "B_percent": 0.043859649122807015, "C": 0, "B": 10, "A_percent": 0.956140350877193, "sum": 228}, "Mandai": {"A": 11, "B_percent": 0.35294117647058826, "C": 0, "B": 6, "A_percent": 0.6470588235294118, "sum": 17}, "Sembawang": {"A": 195, "B_percent": 0.5804480651731161, "C": 11, "B": 285, "A_percent": 0.3971486761710794, "sum": 491}, "Singapore River": {"A": 394, "B_percent": 0.1468682505399568, "C": 1, "B": 68, "A_percent": 0.8509719222462203, "sum": 463}, "Western Water Catchment": {"A": 76, "B_percent": 0.5064935064935064, "C": 0, "B": 78, "A_percent": 0.4935064935064935, "sum": 154}, "Bukit Merah": {"A": 799, "B_percent": 0.55370061213133, "C": 3, "B": 995, "A_percent": 0.444629938786867, "sum": 1797}, "Marine Parade": {"A": 335, "B_percent": 0.38191881918819187, "C": 0, "B": 207, "A_percent": 0.6180811808118081, "sum": 542}, "Ang Mo Kio": {"A": 467, "B_percent": 0.5857519788918206, "C": 4, "B": 666, "A_percent": 0.41072999120492526, "sum": 1137}, "Tampines": {"A": 736, "B_percent": 0.42568093385214006, "C": 2, "B": 547, "A_percent": 0.5727626459143969, "sum": 1285}, "Novena": {"A": 425, "B_percent": 0.3333333333333333, "C": 1, "B": 213, "A_percent": 0.6651017214397497, "sum": 639}, "Downtown Core": {"A": 1413, "B_percent": 0.25972006220839816, "C": 15, "B": 501, "A_percent": 0.7325038880248833, "sum": 1929}, "Changi": {"A": 320, "B_percent": 0.34826883910386963, "C": 0, "B": 171, "A_percent": 0.6517311608961304, "sum": 491}, "Bedok": {"A": 760, "B_percent": 0.5635327635327635, "C": 6, "B": 989, "A_percent": 0.43304843304843305, "sum": 1755}, "Bukit Timah": {"A": 467, "B_percent": 0.3328591749644381, "C": 2, "B": 234, "A_percent": 0.6642958748221907, "sum": 703}, "Yishun": {"A": 350, "B_percent": 0.5241199478487614, "C": 15, "B": 402, "A_percent": 0.45632333767926986, "sum": 767}, "Western Islands": {"A": 28, "B_percent": 0.37777777777777777, "C": 0, "B": 17, "A_percent": 0.6222222222222222, "sum": 45}, "Seletar": {"A": 5, "B_percent": 0.8387096774193549, "C": 0, "B": 26, "A_percent": 0.16129032258064516, "sum": 31}, "Tengah": {"A": 0, "B_percent": 1.0, "C": 0, "B": 2, "A_percent": 0.0, "sum": 2}, "Orchard": {"A": 828, "B_percent": 0.1392931392931393, "C": 0, "B": 134, "A_percent": 0.8607068607068608, "sum": 962}, "Queenstown": {"A": 821, "B_percent": 0.40559942569992824, "C": 7, "B": 565, "A_percent": 0.589375448671931, "sum": 1393}, "Toa Payoh": {"A": 374, "B_percent": 0.6240079365079365, "C": 5, "B": 629, "A_percent": 0.37103174603174605, "sum": 1008}, "Lim Chu Kang": {"A": 6, "B_percent": 0.25, "C": 0, "B": 2, "A_percent": 0.75, "sum": 8}, "River Valley": {"A": 41, "B_percent": 0.24074074074074073, "C": 0, "B": 13, "A_percent": 0.7592592592592593, "sum": 54}, "Boon Lay": {"A": 32, "B_percent": 0.7037037037037037, "C": 0, "B": 76, "A_percent": 0.2962962962962963, "sum": 108}, "Bukit Batok": {"A": 210, "B_percent": 0.6376068376068376, "C": 2, "B": 373, "A_percent": 0.358974358974359, "sum": 585}, "Sengkang": {"A": 264, "B_percent": 0.40315315315315314, "C": 1, "B": 179, "A_percent": 0.5945945945945946, "sum": 444}, "Tuas": {"A": 43, "B_percent": 0.76953125, "C": 16, "B": 197, "A_percent": 0.16796875, "sum": 256}, "Clementi": {"A": 285, "B_percent": 0.6075268817204301, "C": 7, "B": 452, "A_percent": 0.38306451612903225, "sum": 744}, "Tanglin": {"A": 151, "B_percent": 0.12716763005780346, "C": 0, "B": 22, "A_percent": 0.8728323699421965, "sum": 173}, "Punggol": {"A": 196, "B_percent": 0.35737704918032787, "C": 0, "B": 109, "A_percent": 0.6426229508196721, "sum": 305}, "Straits View": {"A": 2, "B_percent": 0.5, "C": 0, "B": 2, "A_percent": 0.5, "sum": 4}, "Geylang": {"A": 644, "B_percent": 0.6380165289256199, "C": 13, "B": 1158, "A_percent": 0.35482093663911846, "sum": 1815}, "Hougang": {"A": 488, "B_percent": 0.47643979057591623, "C": 12, "B": 455, "A_percent": 0.5109947643979058, "sum": 955}, "Pulau Ubin": {"A": 0, "B_percent": 0.42857142857142855, "C": 4, "B": 3, "A_percent": 0.0, "sum": 7}, "Newton": {"A": 80, "B_percent": 0.4413793103448276, "C": 1, "B": 64, "A_percent": 0.5517241379310345, "sum": 145}, "Bishan": {"A": 272, "B_percent": 0.47692307692307695, "C": 0, "B": 248, "A_percent": 0.5230769230769231, "sum": 520}, "Jurong West": {"A": 372, "B_percent": 0.6536758193091231, "C": 19, "B": 738, "A_percent": 0.32949512843224094, "sum": 1129}, "Kallang": {"A": 745, "B_percent": 0.4665728360309641, "C": 13, "B": 663, "A_percent": 0.5242786769880365, "sum": 1421}, "Outram": {"A": 575, "B_percent": 0.5113732097725358, "C": 5, "B": 607, "A_percent": 0.4844144903117102, "sum": 1187}, "Woodlands": {"A": 532, "B_percent": 0.446521287642783, "C": 1, "B": 430, "A_percent": 0.5524402907580478, "sum": 963}, "Rochor": {"A": 586, "B_percent": 0.46027633851468047, "C": 39, "B": 533, "A_percent": 0.5060449050086355, "sum": 1158}, "Marina East": {"A": 1, "B_percent": 0.0, "C": 0, "B": 0, "A_percent": 1.0, "sum": 1}, "Pasir Ris": {"A": 242, "B_percent": 0.41686746987951806, "C": 0, "B": 173, "A_percent": 0.5831325301204819, "sum": 415}, "Serangoon": {"A": 374, "B_percent": 0.4494875549048316, "C": 2, "B": 307, "A_percent": 0.5475841874084919, "sum": 683}}